INSERT INTO course(code)
VALUES
('CSE-1121'),
('CSE-1122'),
('EEE-1121'),
('EEE-1122'),
('MATH-1107'),
('PHY-1101'),
('UREL-1106'),
('UREM-1101'),
('CSE-1221'),
('CSE-1222'),
('CSE-1223'),
('CSE-1230'),
('EEE-1221'),
('EEE-1222'),
('MATH-1207'),
('PHY-1201'),
('PHY-1204'),
('URED-1201'),
('CHEM-2301'),
('CHEM-2304'),
('CSE-2321'),
('CSE-2322'),
('CSE-2323'),
('CSE-2324'),
('CSE-2340'),
('MATH-2307'),
('STAT-2311'),
('URED-2302'),
('URED-2305'),
('ACC-2401'),
('CSE-2421'),
('CSE-2422'),
('CSE-2423'),
('CSE-2424'),
('CSE-2425'),
('CSE-2430'),
('EEE-2421'),
('EEE-2422'),
('GEBL-2401'),
('MATH-2407'),
('ME-2412'),
('CSE-3521'),
('CSE-3523'),
('CSE-3524'),
('CSE-3525'),
('CSE-3527'),
('CSE-3528'),
('CSE-3529'),
('CSE-3532'),
('URED-3503'),
('CSE-3631'),
('CSE-3632'),
('CSE-3633'),
('CSE-3634'),
('CSE-3635'),
('CSE-3636'),
('CSE-3637'),
('CSE-3638'),
('CSE-3640'),
('GEHE-3601'),
('URED-3604'),
('CSE-4708'),
('CSE-4741'),
('CSE-4742'),
('CSE-4743'),
('CSE-4744'),
('CSE-4745'),
('CSE-4746'),
('CSE-4747'),
('CSE-4750'),
('CSE-4800'),
('ECON-3501'),
('URIH-4701'),
('CSE-4805'),
('CSE-4819'),
('CSE-4820'),
('CSE-4822'),
('CSE-4823'),
('CSE-4824'),
('CSE-4825'),
('CSE-4826'),
('CSE-4827'),
('CSE-4828'),
('CSE-4839'),
('CSE-4840'),
('CSE-4843'),
('CSE-4844'),
('CSE-4845'),
('CSE-4846'),
('CSE-4847'),
('CSE-4848'),
('CSE-4849'),
('CSE-4850'),
('CSE-4851'),
('CSE-4852'),
('CSE-4853'),
('CSE-4854'),
('CSE-4855'),
('CSE-4856'),
('CSE-4857'),
('CSE-4858'),
('CSE-4859'),
('CSE-4860'),
('CSE-4861'),
('CSE-4862'),
('CSE-4863'),
('CSE-4864'),
('CSE-4865'),
('CSE-4866'),
('CSE-4867'),
('CSE-4868'),
('CSE-4869'),
('CSE-4870'),
('CSE-4871'),
('CSE-4872'),
('CSE-4873'),
('CSE-4874'),
('CSE-4875'),
('CSE-4876'),
('CSE-4877'),
('CSE-4878'),
('CSE-4879'),
('CSE-4880'),
('MGT-3601');



insert into classroom(room)
values
('C101'),
('C102'),
('C103'),
('C104'),
('C105'),
('C106'),
('C107'),
('C108'),
('C201'),
('C202'),
('C203'),
('C204'),
('C205'),
('C206'),
('C207'),
('C208'),
('C301'),
('C302'),
('C303'),
('C304'),
('C305'),
('C306'),
('C307'),
('C308'),
('C401'),
('C402'),
('C403'),
('C404'),
('C405'),
('C406'),
('C407'),
('C408'),
('C501'),
('C502'),
('C503'),
('C504'),
('C505'),
('C506'),
('C507'),
('C508'),
('C601'),
('C602'),
('C603'),
('C604'),
('C605'),
('C606'),
('C607'),
('C608'),
('C701'),
('C702'),
('C703'),
('C704'),
('C705'),
('C706'),
('C707'),
('C708'),
('C801'),
('C802'),
('C803'),
('C804'),
('C805'),
('C806'),
('C807'),
('C808'),
('CX101'),
('CX102'),
('CX103'),
('CX104'),
('CX105'),
('CX106'),
('CX107'),
('CX108'),
('CX201'),
('CX202'),
('CX203'),
('CX204'),
('CX205'),
('CX206'),
('CX207'),
('CX208'),
('CX301'),
('CX302'),
('CX303'),
('CX304'),
('CX305'),
('CX306'),
('CX307'),
('CX308'),
('CX401'),
('CX402'),
('CX403'),
('CX404'),
('CX405'),
('CX406'),
('CX407'),
('CX408'),
('CX501'),
('CX502'),
('CX503'),
('CX504'),
('CX505'),
('CX506'),
('CX507'),
('CX508'),
('CX601'),
('CX602'),
('CX603'),
('CX604'),
('CX605'),
('CX606'),
('CX607'),
('CX608'),
('CX701'),
('CX702'),
('CX703'),
('CX704'),
('CX705'),
('CX706'),
('CX707'),
('CX708'),
('CX801'),
('CX802'),
('CX803'),
('CX804'),
('CX805'),
('CX806'),
('CX807'),
('CX808'),
('CXB101'),
('CXB102'),
('CXB103'),
('CXB104'),
('CXB105'),
('CXB106'),
('CXB107'),
('CXB108'),
('CXB201'),
('CXB202'),
('CXB203'),
('CXB204'),
('CXB205'),
('CXB206'),
('CXB207'),
('CXB208'),
('CXB301'),
('CXB302'),
('CXB303'),
('CXB304'),
('CXB305'),
('CXB306'),
('CXB307'),
('CXB308'),
('CXB401'),
('CXB402'),
('CXB403'),
('CXB404'),
('CXB405'),
('CXB406'),
('CXB407'),
('CXB408'),
('CXB501'),
('CXB502'),
('CXB503'),
('CXB504'),
('CXB505'),
('CXB506'),
('CXB507'),
('CXB508'),
('CXB601'),
('CXB602'),
('CXB603'),
('CXB604'),
('CXB605'),
('CXB606'),
('CXB607'),
('CXB608'),
('CXB701'),
('CXB702'),
('CXB703'),
('CXB704'),
('CXB705'),
('CXB706'),
('CXB707'),
('CXB708'),
('CXB801'),
('CXB802'),
('CXB803'),
('CXB804'),
('CXB805'),
('CXB806'),
('CXB807'),
('CXB808');


-- By Rafi
INSERT INTO faculty(code, name ,desig,phone)
values
('AAF_ADJ', 'Mr. Arafath Al Fahim', 'Adjunct Lecturer, Dept. of CSE', '01866695182'),
('AAM_ADJ', 'Mr. Abdullah Al Mamun', 'Adjunct Lecturer, Dept. of CSE', '01521483685'),
('ABO_ADJ', 'Ms. Afra Binth Osman', 'Adjunct Lecturer, Dept. of CSE', '01837598557'),
('AF', 'Ms. Ashifatul Ferdousi', 'Assistant Lecturer', '01753876851'),
('AH_CGED', 'Md. Amjad Hossain Shipon', '', '01627316778'),
('AI', 'Mr. Arfanul Islam', 'Assistant Lecturer, Dept. of CSE', '01823605186, 01777148505'),
('AK', 'Mr. Abdullahil Kafi', 'Assistant Professor', '01720155585'),
('ARM_CGED', '', '', '01882034342'),
('ARN_CGED', 'H. M. Ataur Rahman Nadwi', 'Associate Professor of Arabic & Director CGED', '01819-548093'),
('AS', 'Mr. G.M. Al Arafat Shaown', 'Assistant Lecturer', '01855683819'),
('ASM_CGED', 'Ahmed Shah Masud', '', '01730-89333'),
('DAU', 'Engr. Mohammad Aman Ullah, PhD', 'Chairman (in-charge) & Associate professor', '01815641524'),
('DHUN_CGED', 'Dr. Helal Uddin Md. Numan', '', '01819859116'),
('DMCU_CGED', 'Dr. Md. Cholem Ullah', '', '01912235879'),
('DKC_PCIU', 'Mr. Deepak Kumar Chowdhury', 'Associate Professor, Dept. of EEE, PCIU', '01913488974'),
('DMH_CGED', 'Dr. Md. Mahmudul Hassan', '', '01886-613499, 01833-611119'),
('DMH', 'Dr. Muhammad Moazzam Hossen', 'Associate Professor', '01671424548'),
('DMITK_CGED', 'Dr. Md. Moazzam Tossain Khan', '', '01916-034063'),
('DMJAP_CUET', 'Dr. Muhammed Jamshed Alam Patwary', 'Associate Professor', '01812654206'),
('DMMH', 'Dr. Muhammad Moazzam Hossen', 'Associate Professor', '01779779132'),
('DMMI', 'Prof. Dr. Md. Monirul Islam', 'Professor', '01711701719'),
('DMR_CGED', 'Dr. Md. Masudur Rahman', '', '01718477838'),
('DMRA_CU', 'Prof. Dr. Rezaul Azim', 'Professor, Physics, CU', '01711122950'),
('DMRK', 'Prof. Dr. A. N. M. Rezaul Karim', 'Professor', '01819941685'),
('DMIH_CGED', 'Dr. Md. Ilias Hossain', '', '01721011806'),
('DMSH_CGED', 'Dr. Md. Shayeed Hossain', 'Assistant Professor of Islamic History & Culture', '01796-020747'),
('DMRH_CGED', 'Dr. Muhammad Rafiqul Hoque', '', '01712827938'),
('DPP_CU', 'Prof. Dr. Deba Prasad Paul', 'Ex Professor, Dept. of Physics, CU', '01819339365'),
('DRN_CGED', 'Dr. Rashidah', '', '01531250573'),
('DSA_CGED', 'Dr. Saber Ahmad', '', '01812745107'),
('DSAM', 'Dr. Siddique Ahmed, Ph.D.', 'Assistant Professor', '01711572520'),
('DMMA', 'Mr. Mohammad Manjur Alam', 'Associate Professor', '01813176838'),
('EKK_CGED', 'Eshita Khanam Karu', '', '01830-709501'),
('FKK_CUET', 'Mr. Md. Fazlul Karim Khondakar', 'Assistant Professor, BME, CUET', '01881458478'),
('FM_CUET', 'Mr. Fahim Mahmud', 'Assistant Professor, Dept. of EEE, CUET', '01913909430'),
('FT', 'Mrs. Farzana Tasnim', 'Lecturer', '01521487508'),
('HA_CGED', 'Hossain Ahmed', 'Lecturer in English', '01856-311979, 01521-401780'),
('HAG_CGED', 'Hafez Abdul Gaffar', '', '01917591838'),
('HAK_CGED', 'Hafez Abdul Karim', '', '01811588306'),
('HFAT_CGED', 'Hafez FazleAlahiToaha', '', '01531250573'),
('HH_CGED', 'A. M. M. Hamed Hassan', '', '01554326505'),
('HHAN_QSIS', 'Hafez Haroon Azizi Nadwi', '', '01836801206'),
('HMAU_CGED', 'Hafez Mohammad Ahsan Ullah', '', '01794323738'),
('HMN_CGED', 'Hafez Md. Noman', '', '01818953682'),
('IBH', 'Mrs. Israt Binteh Habib', 'Lecturer', '01937294506, 01858943393'),
('JAA', 'Mr. Jamil-as-ad', 'Lecturer', '01626890190'),
('JIC_ADJ', 'Jafrin Iqbal Chowdhury', 'Adjunct Lecturer', '01842-208940'),
('KF_ADJ', 'Ms. Kaniz Fatema', 'Adjunct Lecturer, Dept. of CSE', '01820432010'),
('KU_CGED', 'Mohammad Kafil Uddin', '', '01819101372'),
('MA_CGED', 'Masnuna Akter', 'Lecturer in Bengali', '01855-220235'),
('MA', 'MOHAMMED ARFAT', 'Assistant Lecturer', '01781363136'),
('MAM_ADJ', 'Mr. Md. Ahad Mia', 'Medical Physicist, CMCH', '01765036297'),
('MAU_CGED', 'Mr. Mohammad Ahsan Ullah', '', '01794323738'),
('MAU_CU', 'Mr. Md. Ashraf Uddin', 'Associate Professor, Chemistry, CU', '01819950250'),
('MJI_CGED', 'Mohammad Jaweed Iqbal', 'Assistant Professor of Islamic Studies', '01818-288049, 01911-509535'),
('MK', 'Mr. Md. Khaliluzzaman', 'Assistant Professor', '01711199212'),
('SI_Adj', 'Mr. Sirajul Islam', 'Adjunct Lecturer', '01831587637'),
('MKS_CGED', 'Mahmoda Khaton Siddika', 'Associate Professor of English', '01819-322013'),
('MMG_CUET', 'Mr. Md. Manjurul Gani', 'Assistant Professor, Dept. of EEE, CUET', '01784196796'),
('MMH', 'Mr. Mohammad Mahadi Hassan', 'Associate Professor', '01957719040'),
('MMH_ADJ', 'Mr. Md. Monir Hossain', 'CU', '01790228476'),
('MMF_Adj', 'Mr. Abu Monsur Mohammad Fahim', 'Adjunct Lecturer', '01821-569161'),
('MMU', 'Mr. Md. Mahiuddin', 'Associate Professor', '01818734156, 01960279300'),
('HBF_Adj', '', '', ''),
('MNA_CGED1', 'ABM Nurul Abser', '', '01818736333, 01789070777'),
('MNA_CGED', 'Mr. Md. Anisul Islam', 'Adjunct Lecturer, Dept. of CSE', ''),
('MNU_CGED', 'Md. Nazim Uddin', 'Adjunct Lecturer', '01624-956593'),
('MNU_NSTU', 'Mr. Md. Nizam Uddin', 'Associate Professor, Dept. of Applied Math, NSTU', '01554329643'),
('MF_CU', 'Mohammad Forkan', 'Professor, Dept. of Mathematics, CU', '01790394911'),
('ASMMI_CU', 'Abu Saleh Mohammed Mohiul Islam', 'Associate Professor, Dept. of Mathematics, CU', '01674453975'),
('DMAI_CU', 'Dr. Mohammed Ashraful Islam', 'Professor, Dept. of Mathematics, CU', '01842210983'),
('DMJH_NSTU', 'Dr. Md. Jamal Hossain', 'Associate Professor, Dept. of Applied Mathematics, NSTU', '01911104423'),
('DMRH_NSTU', 'Dr. Mohammad Raquibul Hossain', 'Associate Professor, Dept. of Applied Mathematics, NSTU', '01744187288'),
('FMMQ_CC', 'Faisal Mohammad Mainol Quader', 'Assistant Professor, Dept. of Mathematics, CC', '01785908451'),
('AK_NSTU', 'Abdul Karim', 'Lecturer, Dept. of Applied Mathematics, NSTU', '01737184545'),
('MKH_CUET', 'Mr. Md. Kamrul Hasan', 'Lecturer, Dept. of EEE, CUET', '01672672998'),
('DMH_CUET', 'Dr. Md. Mukter Hossain', 'Associate Professor, Physics, CUET', '01793-513837'),
('CMA_BMA', 'Colonel Md. Moksed Ali', 'Department Head of Physics, BMA', '01713140712'),
('MRA_ADJ', 'Mahmudur Rahman', 'EEE', '01646320481'),
('MRI', 'Mr. Md. Rashedul Islam', 'Assistant Professor', '01717121186, 01914465684'),
('MRM_ADJ', 'Mujibur Rahman Maruf', '', '01868862091'),
('NUA_Adj', 'Mr. Noushadul Alam', 'Adjunct Lecturer', '01974-656988'),
('MI_ADJ', 'Mr. A. M. M. Muinul Islam Chowdhury', 'Assistant System Analyst, Bangladesh Navy', '01819649425'),
('MSA', 'Prof. Mohammed Shamsul Alam', 'Professor', '01711941680'),
('MSR_Adj', 'Md Saifur Rahman', 'Adjunct Lecturer, Dept. of CSE', ''),
('RU_CU', 'Mr. Rokan Uddin Faruqui', 'Associate Professor, CSE, CU', '01738857061'),
('AMA_Adj', 'Mr. Md. Arif Asfe', 'Adjunct Lecturer', '01715-742842'),
('AZUR_Adj', 'Mr. Zayad Rahat', 'Adjunct Lecturer', '01521-566506'),
('WBA_ADJ', 'Md. Warid Bin Azad', 'Adjunct Lecturer, Dept. of CSE', '01671911645'),
('MTA', 'Mr. Md. Taiseer Alam', 'Assistant Lecturer', '01834884398'),
('MMA_ADJ', 'Mr. Munazer Montasir Akash', 'Adjunct Lecturer, Dept. of CSE', '01840162225'),
('MUA_IND', 'Md Mosleh Uddin', 'Adjunct Lecturer, Dept. of CSE', '+8801846-281924'),
('SS_Adj', 'Mr. Saif Sabbir', 'Adjunct Lecturer', '01882-669878'),
('MTI_CGED', 'Md. Towhidul Islam', '', '01817078263'),
('MNU_Adj', 'Mr. Muhammad Nazim Uddin', 'Junior Software Engineer, Chittagong', '01830082347'),
('MIU_Adj', 'Mr. Md. Istiaq Uddin', 'Adjunct Lecturer', '01866-318127'),
('NN', 'Mrs. Nuren Nafisa', 'Lecturer', '01624978991'),
('NKC_CU', 'Prof. Nihad Karim Chowdhury', 'Professor, Dept. of CSE, CU', '01852256426'),
('NME_CU', 'Mr. Nur Mohammad Eman', '', '01815506510'),
-- code !!
('PDMS_CGED1', 'Prof. Dr. Md. Mohibullah Siddiquee', 'Department of Islamic History & Culture, Rajshahi University', ''),
('PDMR_CGED', 'Professor Dr. B. M. Mofizur Rahman', '', '01711739313'),
('PDMS_CGED', 'Prof. Dr. AKM Shahed', 'Professor of Islamic Studies', '01817-730730'),
('PDSAB_CGED', 'Prof. Dr. Mohammed Shafiul Alam Bhuiyan', '', '01766-682185'),
('DMSA_CU', 'Dr. Md. Saiful Alam', 'Associate Professor, CU', '01719379582'),
('ABAK_IND', 'Abir Bin Ayub Khan', 'Adjunct Lecturer, Dept. of CSE', '+8801675656770'),
('ANC_CU', 'Dr. Abu Nowshed Chy', 'Assistant Professor, Dept. of CSE, CU', '01764207358'),
('AA_Adj', 'Abdul Aziz', 'Adjunct Lecturer, Dept. of CSE', '01838375723'),
('ASC_ADJ', 'Mohammad Abu Sufian Chowdhury', 'Adjunct Lecturer, Dept. of CSE', '01713608030'),
('SAA', 'Mr. Sajidul Ahasan Akib', 'Assistant Lecturer, Dept. of CSE', '01674075295'),
('SAD_ADJ', 'Mr. Sabrina Akter Dihan', 'Adjunct Lecturer, Dept. of CSE', '01855632363'),
('SV_IND', 'Mr. Sudipta Vaskar Rakshit', 'CTO, Deep Mind Café (New Zealand Based Company)', '01941384601'),
('SA', 'Mrs. Subrina Akter', 'Assistant Professor', '01817751583'),
('SAI', 'Mr. Saiful Islam', 'Lecturer', '01818650864'),
('SBZ_CGED', 'Samira Binte Zakaria', '', '01837-212220'),
('SH', 'Mrs. Sayema Hoque', 'Assistant Professor', '01712245515'),
('SHR', 'Mr. Sahriar Reza', 'Assistant Lecturer', '01521328094'),
('SJ_CGED', 'Sadeka Jannat', '', '01812533618'),
('SJC', 'Ms. Shefayatuj Johara Chowdhury', 'Lecturer', '01984696037'),
('SJM', 'Ms. Sabrina Jahan Maisha', 'Lecturer', '01712110411'),
('SIB_Adj', 'MD. Saiful Islam Bablu', 'EEE', '01976900619'),
('SR', 'Mr. Saifur Rahaman', 'Assistant Professor', '01815646105'),
('SS', 'Mrs. Sanjida Sharmin', 'Lecturer', '01798129266'),
('DAHS_CU', 'Dr. Ariful Hoque Siddiquee', 'Professor, CU', '01817-200490'),
('MMR_Adj', 'Md. Mashod Rana', 'Adjunct Lecturer', '01635-115070'),
('FF_CUET', '', 'Lecturer, Dept. of Mechatronics & Industrial Engineering, CUET', '01832834685'),
('DAFMS_CU', 'Dr. Abul Fazal Muhammad Sanaullah', 'Professor, Chemistry, CU', '+8801711-984612'),
('SZK', 'Mohammod Sazid Zaman Khan', 'Assistant Professor', '01770346336'),
('ASH_Adj', 'Asmaul Hosna Sadika', 'Adjunct Lecturer', ''),
('MSK', 'Mysha Sarin Kabisha', 'Assistant Lecturer, Dept. of CSE', '01858-759047'),
('MKIS', 'Md. Khaledul Islam', 'Assistant Lecturer, Dept. of CSE', '+8801685964074'),
('MUR', 'Muhammad Mubinur Rahman', 'Assistant Lecturer, Dept. of CSE', '01859-328377'),
('AI_Adj', 'Mr. Ayman Iktidar', 'Adjunct Lecturer', '01783-068186'),
('TS', 'Taniya Sultana', 'Lecturer', '01940248210'),
('UH_CGED', 'Umme Hani', '', '01675-349256, 01866-133245'),
('DMZH_EEE', 'Dr. Md. Zahid Hasan', 'Asst. Professor', 'zahidhasan.02@gmail.com'),
('URJE_ADJ', 'Ms. Umme Riazul Jannat Eiva', 'Adjunct Lecturer, Dept. of CSE', '01916568078'),
('ZS', 'Mrs. Zinia Sultana', 'Associate Professor', '01716432134'),
('YA', 'Mr. A.B.M. Yasir Arafat', 'Assistant Professor', '01744656132'),
('YI', 'Yamina Islam', 'Assistant Lecturer', '01873110066'),
('ZA', 'Mohammad Zainal Abedin', 'Assistant Professor', '01720624156'),
('RZ', 'Rayhanuzzaman', 'Assistant Lecturer, Dept. of CSE', '01722600566'),
('TR', 'Tohidur Rahman', 'Assistant Lecturer, Dept. of CSE', '01521-254750'),
('RT', 'Radiathum Tasnia', 'Assistant Lecturer, Dept. of CSE', '01558025929'),
('MR', 'Mizanur Rahman', 'Lecturer, Dept. of CSE', '01846-021693'),
('KTS', 'Khandaker Tayef Shahriar', 'Lecturer, Dept. of CSE', '01557-905028'),
('SYIB_ADJ', 'Sayedul Islam Babu', 'Adjunct Lecturer', '01822-020601');


INSERT INTO section (sec) VALUES
('1AM'), ('1BM'), ('1CM'), ('1DM'), ('1EM'), ('1FM'), ('1GM'),
('2AM'), ('2BM'), ('2CM'), ('2DM'), ('2EM'), ('2FM'), ('2GM'),
('3AM'), ('3BM'), ('3CM'), ('3DM'), ('3EM'), ('3FM'), ('3GM'),
('4AM'), ('4BM'), ('4CM'), ('4DM'), ('4EM'), ('4FM'), ('4GM'),
('5AM'), ('5BM'), ('5CM'), ('5DM'), ('5EM'), ('5FM'), ('5GM'),
('6AM'), ('6BM'), ('6CM'), ('6DM'), ('6EM'), ('6FM'), ('6GM'),
('7AM'), ('7BM'), ('7CM'), ('7DM'), ('7EM'), ('7FM'), ('7GM'),
('8AM'), ('8BM'), ('8CM'), ('8DM'), ('8EM'), ('8FM'), ('8GM');




-- By Rayhan
INSERT INTO "class" (faculty, room, sec, slot, "day", code)
VALUES
('MRI', 'C402', '1AM', 1, 6, 'MATH-1101'),
('AAM_ADJ', 'C102', '1AM', 3, 6, 'PHY-1101'),
('JAA', 'C505', '1AM', 4, 6, 'CSE-1121'),
('JAA', 'C505', '1AM', 5, 6, 'CSE-1121'),
('DMHK_CGED', 'C505', '1AM', 6, 6, 'UREM-1101'),

('MTA', 'CX505', '1BM', 2, 6, 'EEE-1121'),
('AAM_ADJ', 'CX302', '1BM', 5, 6, 'PHY-1101'),

('HA_CGED', 'CXB101', '1CM', 1, 6, 'UREL-1106'),
('DMHK_CGED', 'CXB101', '1CM', 2, 6, 'UREM-1101'),
('DMHK_CGED', 'CXB101', '1CM', 3, 6, 'UREM-1101'),
('SHR', 'CX102', '1CM', 4, 6, 'EEE-1121'),
('AZUR_ADJ', 'CX102', '1CM', 5, 6, 'CSE-1121'),
('AZUR_ADJ', 'CX102', '1CM', 6, 6, 'CSE-1121'),

('FM_CUET', 'CX304', '1DM', 1, 6, 'EEE-1122'),
('FM_CUET', 'CX304', '1DM', 2, 6, 'EEE-1122'),
('FM_CUET', 'CX304', '1DM', 3, 6, 'EEE-1122'),
('FM_CUET', 'C102', '1DM', 4, 6, 'EEE-1121'),
('FM_CUET', 'C102', '1DM', 5, 6, 'EEE-1121'),
('FM_CUET', 'C102', '1DM', 6, 6, 'EEE-1121'),

('AAM_ADJ', 'C505', '1EM', 1, 6, 'PHY-1101'),
('AAM_ADJ', 'C505', '1EM', 2, 6, 'PHY-1101'),
('DMHK_CGED', 'C105', '1EM', 4, 6, 'UREM-1101'),
('HA_CGED', 'C105', '1EM', 6, 6, 'UREL-1106'),

('MMG_CUET', 'CX301', '1FM', 1, 6, 'EEE-1122'),
('MMG_CUET', 'CX301', '1FM', 2, 6, 'EEE-1122'),
('MMG_CUET', 'CX301', '1FM', 3, 6, 'EEE-1122'),
('MMG_CUET', 'CX504', '1FM', 4, 6, 'EEE-1121'),
('MMG_CUET', 'CX504', '1FM', 5, 6, 'EEE-1121'),
('MMG_CUET', 'CX504', '1FM', 6, 6, 'EEE-1121'),

('SIB_ADJ', 'CX502', '1GM', 2, 6, 'EEE-1121'),
('SIB_ADJ', 'CX502', '1GM', 3, 6, 'EEE-1121'),
('MKIS', 'CX204', '1GM', 4, 6, 'CSE-1122'),
('MKIS', 'CX204', '1GM', 5, 6, 'CSE-1122'),
('MKIS', 'CX204', '1GM', 6, 6, 'CSE-1122'),

('SHR', 'C502', '2AM', 1, 6, 'EEE-1221'),
('SHR', 'C502', '2AM', 2, 6, 'EEE-1221'),
('DMMH', 'CX303', '2AM', 4, 6, 'PHY-1204'),
('DMMH', 'CX303', '2AM', 5, 6, 'PHY-1204'),
('DMMH', 'CX303', '2AM', 6, 6, 'PHY-1204'),

('DMH_CUET', 'CX303', '2BM', 1, 6, 'PHY-1204'),
('DMH_CUET', 'CX303', '2BM', 2, 6, 'PHY-1204'),
('DMH_CUET', 'CX303', '2BM', 3, 6, 'PHY-1204'),
('DMH_CUET', 'CX403', '2BM', 4, 6, 'PHY-1201'),
('DMH_CUET', 'CX403', '2BM', 5, 6, 'PHY-1201'),
('DMH_CUET', 'CX403', '2BM', 6, 6, 'PHY-1201'),

('DAHS_CU', 'CX203', '2CM', 1, 6, 'EEE-1222'),
('DAHS_CU', 'CX203', '2CM', 2, 6, 'EEE-1222'),
('DAHS_CU', 'CX203', '2CM', 3, 6, 'EEE-1222'),
('DAHS_CU', 'CX404', '2CM', 4, 6, 'EEE-1221'),
('DAHS_CU', 'CX404', '2CM', 5, 6, 'EEE-1221'),
('DAHS_CU', 'CX404', '2CM', 6, 6, 'EEE-1221'),

('FKK_CUET', 'CX404', '2DM', 1, 6, 'EEE-1221'),
('FKK_CUET', 'CX404', '2DM', 2, 6, 'EEE-1221'),
('FKK_CUET', 'CX404', '2DM', 3, 6, 'EEE-1221'),
('FKK_CUET', 'CX301', '2DM', 4, 6, 'EEE-1222'),
('FKK_CUET', 'CX301', '2DM', 5, 6, 'EEE-1222'),
('FKK_CUET', 'CX301', '2DM', 6, 6, 'EEE-1222'),

('KTS', 'C103', '2EM', 1, 6, 'CSE-1221'),
('KTS', 'C103', '2EM', 2, 6, 'CSE-1221'),
('FMMQ_CC', 'CXB204', '2EM', 4, 6, 'MATH-1207'),
('FMMQ_CC', 'CXB204', '2EM', 5, 6, 'MATH-1207'),
('FMMQ_CC', 'CXB204', '2EM', 6, 6, 'MATH-1207'),

('DMRA_CU', 'CX202', '2FM', 1, 6, 'EEE-1221'),
('DMRA_CU', 'CX202', '2FM', 2, 6, 'EEE-1221'),
('DMRA_CU', 'CX202', '2FM', 3, 6, 'EEE-1221'),
('DMRA_CU', 'CX304', '2FM', 4, 6, 'EEE-1222'),
('DMRA_CU', 'CX304', '2FM', 5, 6, 'EEE-1222'),
('DMRA_CU', 'CX304', '2FM', 6, 6, 'EEE-1222'),


('MKH_CUET', 'CX403', '2GM', 1, 6, 'EEE-1221'),
('MKH_CUET', 'CX403', '2GM', 2, 6, 'EEE-1221'),
('MKH_CUET', 'CX403', '2GM', 3, 6, 'EEE-1221'),
('MKH_CUET', 'CX203', '2GM', 4, 6, 'EEE-1222'),
('MKH_CUET', 'CX203', '2GM', 5, 6, 'EEE-1222'),
('MKH_CUET', 'CX203', '2GM', 6, 6, 'EEE-1222'),


-- New entries for 3AM
('DMMA', 'C503', '3AM', 1, 6, 'STAT-2311'),
('DMMA', 'C503', '3AM', 2, 6, 'STAT-2311'),
('MHMNS_MDP', 'C501', '3AM', 4, 6, 'MDP-2303'),
('AMA_Adj', 'C501', '3AM', 4, 6, 'CSE-2340'),
('AMA_Adj', 'C501', '3AM', 5, 6, 'CSE-2340'),

-- New entries for 3BM
('MMF_Adj', 'C501', '3BM', 1, 6, 'CSE-2340'),
('MMF_Adj', 'C501', '3BM', 2, 6, 'CSE-2340'),
('MHMNS_MDP', 'C501', '3BM', 3, 6, 'MDP-2303'),
('DMMA', 'CX103', '3BM', 4, 6, 'STAT-2311'),
('DMMA', 'CX103', '3BM', 5, 6, 'STAT-2311'),

-- New entries for 3CM
('SS_Adj', 'CX505', '3CM', 1, 6, 'CSE-2323'),
('DMJH_NSTU', 'CX505', '3CM', 4, 6, 'MATH-2307'),
('DMJH_NSTU', 'CX505', '3CM', 5, 6, 'MATH-2307'),
('DMJH_NSTU', 'CX505', '3CM', 6, 6, 'MATH-2307'),

-- New entries for 3DM
('MRM_Adj', 'CX103', '3DM', 1, 6, 'CSE-2323'),
('MAU_CU', 'CXB202', '3DM', 4, 6, 'CHEM-2301'),
('MAU_CU', 'CXB202', '3DM', 5, 6, 'CHEM-2301'),
('MAU_CU', 'CXB202', '3DM', 6, 6, 'CHEM-2301'),

-- New entries for 3EM
('MAU_CU', 'CX104', '3EM', 1, 6, 'CHEM-2301'),
('MAU_CU', 'CX104', '3EM', 2, 6, 'CHEM-2301'),
('MAU_CU', 'CX104', '3EM', 3, 6, 'CHEM-2301'),
('MRM_Adj', 'CXB101', '3EM', 5, 6, 'CSE-2323'),
('MRM_Adj', 'CXB101', '3EM', 6, 6, 'CSE-2323'),

-- New entries for 3FM
('SAI', 'C401', '3FM', 1, 6, 'CSE-2340'),
('SAI', 'C401', '3FM', 2, 6, 'CSE-2340'),
('NUA_Adj', 'C401', '3FM', 3, 6, 'CSE-2321'),
('DAFMS_CU', 'CXB103', '3FM', 4, 6, 'CHEM-2301'),
('DAFMS_CU', 'CXB103', '3FM', 5, 6, 'CHEM-2301'),
('DAFMS_CU', 'CXB103', '3FM', 6, 6, 'CHEM-2301'),

-- New entries for 3GM
('DAFMS_CU', 'CXB104', '3GM', 1, 6, 'CHEM-2301'),
('DAFMS_CU', 'CXB104', '3GM', 2, 6, 'CHEM-2301'),
('DAFMS_CU', 'CXB104', '3GM', 3, 6, 'CHEM-2301'),
('MRI', 'C503', '3GM', 4, 6, 'MATH-2307'),
('MNU_ADJ', 'C201', '3GM', 5, 6, 'CSE-2340'),
('MNU_ADJ', 'C201', '3GM', 6, 6, 'CSE-2340'),

-- Entries for 4AM
('RZ', 'C102', '4AM', 1, 6, 'CSE-2423'),
('RZ', 'C102', '4AM', 2, 6, 'CSE-2423'),

-- Entries for 4BM
('RU_CU', 'CX501', '4BM', 1, 6, 'CSE-2427'),
('RU_CU', 'CX501', '4BM', 2, 6, 'CSE-2427'),

--4CM
('MKIS', 'CX102', '4CM', 1, 6, 'MDP-2404'),
('NT_BNG1_CGED', 'CX102', '4CM', 3, 6, 'GEBL-2401'),

-- Entries for 4DM
('CMA_ADJ', 'CX603', '4DM', 1, 6, 'CSE-2427'),
('CMA_ADJ', 'CX603', '4DM', 2, 6, 'CSE-2427'),
('CMA_ADJ', 'CX603', '4DM', 3, 6, 'CSE-2427'),

-- Entries for 4EM
('AS', 'C201', '4EM', 1, 6, 'CSE-2422'),
('AS', 'C201', '4EM', 2, 6, 'CSE-2422'),

-- Entries for 5AM
('DM_MI', 'C504', '5AM', 1, 6, 'CSE-3529'),
('DM_MI', 'C504', '5AM', 2, 6, 'CSE-3529'),

-- Entries for 5BM
('SYIB_ADJ', 'CX302', '5BM', 1, 6, 'EEE-2421'),
('SYIB_ADJ', 'CX302', '5BM', 2, 6, 'EEE-2421'),

-- Entries for 5CM
('MTA', 'CX201', '5CM', 1, 6, 'EEE-2421'),
('MNU_ADJ', 'CX201', '5CM', 2, 6, 'CSE-3532'),
('MNU_ADJ', 'CX201', '5CM', 3, 6, 'CSE-3532'),

-- Entries for 5DM
('MRM_ADJ', 'CX401', '5DM', 2, 6, 'CSE-3524'),
('MRM_ADJ', 'CX401', '5DM', 3, 6, 'CSE-3524'),

-- Entries for 5EM
('JAA', 'C301', '5EM', 1, 6, 'CSE-3532'),
('JAA', 'C301', '5EM', 2, 6, 'CSE-3532'),
('DSAT_BBA', 'C105', '5EM', 3, 6, 'CSE-3529'),

-- Entries for 6AM
('DSA', 'CX101', '6AM', 1, 6, 'ECON-3501'),
('DSH_CU', 'CX101', '6AM', 2, 6, 'CSE-3635'),

-- Entries for 6BM
('AMA_Adj', 'CX504', '6BM', 1, 6, 'CSE-3637'),
('ANC_CU', 'CX204', '6BM', 2, 6, 'CSE-3636'),
('ANC_CU', 'CX204', '6BM', 3, 6, 'CSE-3636'),

-- Entries for 6CM
('MMH_CGED', 'CXB204', '6CM', 1, 6, 'GEHE-3601'),  

-- Entries for 6DM
('SV_IND', 'CX601', '6DM', 1, 6, 'CSE-3640'),
('SV_IND', 'CX601', '6DM', 2, 6, 'CSE-3640'),
('SV_IND', 'CX601', '6DM', 3, 6, 'CSE-3640'),
('CSV_IND', 'CX601', '6DM', 1, 6, 'CSE-3638'),
('CSV_IND', 'CX601', '6DM', 2, 6, 'CSE-3638'),
('CSV_IND', 'CX601', '6DM', 3, 6, 'CSE-3638'),

--6SM 
('NotDefined', 'CXB204', '6SM', 1, 6, 'CSE-3637'), -- teacher name not found

-- Entries for 7AM
('MMU', 'C101', '7AM', 1, 6, 'CSE-4878'),
('MMU', 'C101', '7AM', 2, 6, 'CSE-4878'),

-- Entries for 7BM
('MMH', 'CXB103', '7BM', 1, 6, 'CSE-4741'),
('MI_ADJ', 'CXB103', '7BM', 2, 6, 'CSE-3633'),
('MI_ADJ', 'CXB103', '7BM', 3, 6, 'CSE-3633'),

-- Entries for 7CM
('AI', 'CXB103', '7CM', 1, 6, 'CSE-4746'),
('AI', 'CXB103', '7CM', 2, 6, 'CSE-4746'),

--8AM
('PDMMS_CGED', 'CX202', '8AM', 2, 6, 'URBS-4802'),
( 'MK', 'CX201', '8AM', 4, 6, 'CSE-4875'),
( 'MK', 'CX201', '8AM', 5, 6, 'CSE-4876'),
( 'MK', 'CX201', '8AM', 6, 6, 'CSE-4876'),
--8BM
('PDMMS_CGED', 'CX503', '8BM', 3, 6, 'URBS-4802'),
( 'TR', 'CX602', '8BM', 4, 6, 'CSE-4744'),
( 'TR', 'CX602', '8BM', 5, 6, 'CSE-4744');


-- by Rayhan
INSERT INTO "class" (code, room, sec, slot, "day",faculty)
VALUES
-- Entries for 4AM
('CSE-2427', 'CXB 104', '4AM', 4, 6, 'RU_CU'),
('CSE-2427', 'CXB 104', '4AM', 5, 6, 'RU_CU'),
('CSE-2427', 'CXB 104', '4AM', 6, 6, 'RU_CU'),

-- Entries for 4BM
('CSE-2423', 'C504', '4BM', 5, 6, 'MR'),
('MDP-2404', 'C504', '4BM', 6, 6, 'YA'),

-- Entries for 4CM
('ME-2412', 'DRAW_LAB_ETE', '4CM', 5, 6, 'FF_CUET'), --CLASS ROOM!!!
('ME-2412', 'DRAW_LAB_ETE', '4CM', 6, 6, 'FF_CUET'),
('CSE-2421', 'CX302', '4CM', 6, 6, 'TR'),

-- Entries for 4DM
('MATH-2407', 'C402', '4DM', 4, 6, 'DMRK'),
('MATH-2407', 'C402', '4DM', 5, 6, 'DMRK'),
('CSE-2423', 'C402', '4DM', 6, 6, 'MR'),

-- Entries for 4EM
('MDP-2404', 'CX502', '4EM', 4, 6, 'KTS'),
('CSE-2427', 'CX502', '4EM', 6, 6, 'SAA'),

-- Entries for 4FM
('MATH-2407', 'C103', '4FM', 4, 6, 'DMRH_NSTU'),
('MATH-2407', 'C103', '4FM', 5, 6, 'DMRH_NSTU'),
('MATH-2407', 'C103', '4FM', 6, 6, 'DMRH_NSTU'),

-- Entries for 5AM
('CSE-3521', 'C502', '5AM', 5, 6, 'DAU'),
('CSE-3521', 'C502', '5AM', 6, 6, 'DAU'),

-- Entries for 5BM
('CSE-3521', 'CX104', '5BM', 4, 6, 'MI_ADJ'),
('CSE-3521', 'CX104', '5BM', 5, 6, 'MI_ADJ'),
('CSE-3521', 'CX104', '5BM', 6, 6, 'MI_ADJ'),

-- Entries for 5CM
('CSE-3521', 'CX401', '5CM', 4, 6, 'MIU_Adj'),
('CSE-3524', 'CX401', '5CM', 5, 6, 'AI'),
('CSE-3524', 'CX401', '5CM', 6, 6, 'AI'),

-- Entries for 5DM
('CSE-3523', 'CX202', '5DM', 4, 6, 'MRM_ADJ'),
('CSE-3521', 'CX202', '5DM', 5, 6, 'MIU_Adj'),
('CSE-3521', 'CX202', '5DM', 6, 6, 'MIU_Adj'),

-- Entries for 5EM
('EEE-2421', 'CX603', '5EM', 4, 6, 'SIB_ADJ'),
('EEE-2421', 'CX603', '5EM', 5, 6, 'SIB_ADJ'),

-- Entries for 6AM
('CSE-3635', 'CX101', '6AM', 1, 6, 'DSH_CU'),
('CSE-3635', 'CX101', '6AM', 2, 6, 'DSH_CU'),

-- Entries for 6BM
('CSE-3635', 'CX503', '6BM', 4, 6, 'ANC_CU'),
('CSE-3635', 'CX503', '6BM', 5, 6, 'ANC_CU'),
('CSE-3635', 'CX503', '6BM', 6, 6, 'ANC_CU'),

-- Entries for 6CM
('CSE-3636', 'C101', '6CM', 4, 6, 'MUR'),
('CSE-3636', 'C101', '6CM', 5, 6, 'MUR'),
('CSE-3637', 'C101', '6CM', 6, 6, 'MUR'),

-- Entries for 6DM
('CSE-3637', 'CX501', '6DM', 4, 6, 'SV_IND'),
('CSE-3637', 'CX501', '6DM', 5, 6, 'SV_IND'),
('CSE-3637', 'CX501', '6DM', 6, 6, 'SV_IND'),

-- Entries for 6SM
-- NO TEACHER ASSIGN FOR 6SM
('CSE-3638', 'CX601', '6SM', 4, 6, 'NotDefined'),
('CSE-3638', 'CX601', '6SM', 5, 6, 'NotDefined'),
('CSE-3638', 'CX601', '6SM', 6, 6, 'NotDefined'),
('CSE-3640', 'CX601', '6SM', 4, 6, 'NotDefined'),
('CSE-3640', 'CX601', '6SM', 5, 6, 'NotDefined'),
('CSE-3640', 'CX601', '6SM', 6, 6, 'NotDefined'),

-- Entries for 7AM
('CSE-4747', 'C504', '7AM', 4, 6, 'ZA'),
('CSE-4750', 'C401', '7AM', 5, 6, 'DMJAP_CUET'),
('CSE-4750', 'C401', '7AM', 6, 6, 'DMJAP_CUET'),

-- Entries for 7BM
('CSE-4878', 'CX402', '7BM', 4, 6, 'MMU'),
('CSE-4878', 'CX402', '7BM', 5, 6, 'MMU'),
('CSE-4877', 'CX402', '7BM', 6, 6, 'MMU'),

-- Entries for 7CM
('CSE-4877', '301', '7CM', 4, 6, 'NUA_Adj'),
('CSE-4877', '301', '7CM', 5, 6, 'NUA_Adj'),
('CSE-4877', '301', '7CM', 6, 6, 'NUA_Adj');



--By Mamun
--Insert Missing values first before inserting Sunday routine

-- INSERT INTO faculty(code)
-- VALUES ('MMR_ADJ')
-- INSERT INTO faculty (code)
-- VALUES ('HBF_ADJ')
-- INSERT INTO faculty (code)
-- VALUES ('MMF_MDP')
-- INSERT INTO faculty (code)
-- VALUES ('MIU_ADJ')
-- INSERT INTO faculty (code)
-- VALUES ('MSA_MDP')
-- INSERT INTO faculty (code)
-- VALUES ('SI_ADJ')
-- INSERT INTO faculty (code)
-- VALUES ('DAZ_CGED')
-- INSERT INTO faculty (code)
-- VALUES ('SS_ADJ')
-- INSERT INTO faculty (code)
-- VALUES ('MSI_MDP')
-- INSERT INTO faculty (code)
-- VALUES ('MMF_ADJ')
-- INSERT INTO faculty (code)
-- VALUES ('MSH')
-- INSERT INTO faculty (code)
-- VALUES ('MAR_CGED')
-- INSERT INTO faculty (code)
-- VALUES ('AMA_ADJ')
-- INSERT INTO faculty (code)
-- VALUES ('AI_ADJ')
-- INSERT INTO faculty (code)
-- VALUES ('NT_BNG')
-- INSERT INTO faculty (code)
-- VALUES ('AA_ADJ')
-- INSERT INTO faculty (code)
-- VALUES ('MAR_IND')

-- INSERT INTO course(code)
-- VALUES ('MDP-1202')
-- INSERT INTO course(code)
-- VALUES ('URED-3523')
-- INSERT INTO course(code)
-- VALUES ('URED-3503')
-- INSERT INTO course(code)
-- VALUES ('MDP-3505')
-- INSERT INTO course(code)
-- VALUES ('CSE-3625')
-- INSERT INTO course(code)
-- VALUES ('CSE-3606')
-- INSERT INTO classroom(room)
-- values('CXB210')



-- Remember 
-- Room name format supported only
-- C201
-- CX404
-- CXB205

--By RAFI
INSERT INTO "class" (faculty, room, sec, slot, "day", code)
VALUES
-- SUNDAY 1AM
('SHR', 'CX403', '1AM', 2, 0, 'EEE-1121'),
('SHR', 'CX403', '1AM', 3, 0, 'EEE-1121'),
('AAM_ADJ', 'CX202', '1AM', 4, 0, 'PHY-1101'),
('AAM_ADJ', 'CX202', '1AM', 5, 0, 'PHY-1101'),
-- SUNDAY 1BM
('AAM_ADJ', 'CX302', '1BM', 1, 0, 'PHY-1101'),
('AAM_ADJ', 'CX302', '1BM', 2, 0, 'PHY-1101'),
('MMA_ADJ', 'CX302', '1BM', 3, 0, 'CSE-1121'),
('DMHK_CGED', 'CX403', '1BM', 5, 0, 'UREM-1101'),
('HA_CGED', 'CX403', '1BM', 6, 0, 'UREL-1106'),
-- SUNDAY 1CM
('AZUR_ADJ', 'C301', '1CM', 1, 0, 'CSE-1121'),
('SHR', 'CX203', '1CM', 4, 0, 'EEE-1122'),
('SHR', 'CX203', '1CM', 5, 0, 'EEE-1122'),
('SHR', 'CX203', '1CM', 6, 0, 'EEE-1122'),
-- SUNDAY 1DM
('HA_CGED', 'CXB204', '1DM', 2, 0, 'UREL-1106'),
('HA_CGED', 'CXB204', '1DM', 3, 0, 'UREL-1106'),
('AZUR_ADJ', 'C402', '1DM', 4, 0, 'CSE-1121'),
('AZUR_ADJ', 'C402', '1DM', 5, 0, 'CSE-1121'),
-- SUNDAY 1EM
('AS', 'CX504', '1EM', 2, 0, 'CSE-1121'),
('AAM_ADJ', 'CX504', '1EM', 3, 0, 'PHY-1101'),
('MMH_ADJ', 'CXB202', '1EM', 4, 0, 'MATH-1107'),
('MMH_ADJ', 'CXB202', '1EM', 5, 0, 'MATH-1107'),
-- SUNDAY 1FM
('MMR_ADJ', 'C103', '1FM', 1, 0, 'MATH-1107'),
('MMR_ADJ', 'C103', '1FM', 2, 0, 'MATH-1107'),
('HA_CGED', 'CXB103', '1FM', 4, 0, 'UREL-1106'),
('HA_CGED', 'CXB103', '1FM', 5, 0, 'UREL-1106'),
('DMHK_CGED', 'CXB103', '1FM', 6, 0, 'UREM-1101'),
-- SUNDAY 1GM
('SIB_ADJ', 'CX505', '1GM', 3, 0, 'EEE-1121'),
('SIB_ADJ', 'CX304', '1GM', 4, 0, 'EEE-1122'),
('SIB_ADJ', 'CX304', '1GM', 5, 0, 'EEE-1122'),
('SIB_ADJ', 'CX304', '1GM', 6, 0, 'EEE-1122'),
-- SUNDAY 2AM
('KTS', 'C502', '2AM', 1, 0, 'CSE-1221'),
('KTS', 'C502', '2AM', 2, 0, 'CSE-1221'),
('DMMH', 'C502', '2AM', 3, 0, 'PHY-1201'),
('JAA', 'C101', '2AM', 4, 0, 'CSE-1230'),
('JAA', 'C101', '2AM', 5, 0, 'CSE-1230'),
('AZUR_ADJ', 'C402', '2AM', 6, 0, 'CSE-1223'),
-- SUNDAY 2BM
('DMMH', 'C402', '2BM', 1, 0, 'EEE-1221'),
('DMMH', 'C402', '2BM', 2, 0, 'EEE-1221'),
('MMR_ADJ', 'C402', '2BM', 3, 0, 'MATH-1207'),
('MSA', 'C201', '2BM', 4, 0, 'CSE-1230'),
('MSA', 'C201', '2BM', 5, 0, 'CSE-1230'),
('HBF_ADJ', 'C103', '2BM', 6, 0, 'CSE-1221'),
-- SUNDAY 2CM
('MMH_ADJ', 'CX102', '2CM', 1, 0, 'MATH-1207'),
('MMH_ADJ', 'CX102', '2CM', 2, 0, 'MATH-1207'),
('HBF_ADJ', 'CX102', '2CM', 3, 0, 'CSE-1221'),
('MUA_IND', 'C301', '2CM', 4, 0, 'CSE-1230'),
('MUA_IND', 'C301', '2CM', 5, 0, 'CSE-1230'),
-- SUNDAY 2DM
('MMF_MDP', 'CX101', '2DM', 1, 0, 'MDP-1202'),
('AZUR_ADJ', 'CX101', '2DM', 2, 0, 'CSE-1223'),
('AZUR_ADJ', 'CX101', '2DM', 3, 0, 'CSE-1223'),
('MMA_ADJ', 'C401', '2DM', 4, 0, 'CSE-1230'),
('MMA_ADJ', 'C401', '2DM', 5, 0, 'CSE-1230'),
-- SUNDAY 2EM
('SIB_ADJ', 'CX404', '2EM', 1, 0, 'EEE-1221'),
('SIB_ADJ', 'CX404', '2EM', 2, 0, 'EEE-1221'),
('KTS', 'C103', '2EM', 3, 0, 'CSE-1221'),
('MUR', 'C501', '2EM', 4, 0, 'CSE-1230'),
('MUR', 'C501', '2EM', 5, 0, 'CSE-1230'),
('MMF_MDP', 'C501', '2EM', 6, 0, 'MDP-1202'),
-- SUNDAY 2FM
('MMF_MDP', 'C501', '2FM', 2, 0, 'MDP-1202'),
('MA', 'CX104', '2FM', 3, 0, 'CSE-1221'),
('MKIS', 'CX201', '2FM', 4, 0, 'CSE-1230'),
('MKIS', 'CX201', '2FM', 5, 0, 'CSE-1230'),
('MA', 'CX404', '2FM', 6, 0, 'CSE-1223'),
-- SUNDAY 2GM
('MA', 'CX202', '2GM', 1, 0, 'CSE-1223'),
('MA', 'CX202', '2GM', 2, 0, 'CSE-1223'),
('ASC_ADJ', 'CX202', '2GM', 3, 0, 'CSE-1221'),
('MR', 'CX204', '2GM', 4, 0, 'CSE-1230'),
('MR', 'CX204', '2GM', 5, 0, 'CSE-1230'),
('MSA_MDP', 'CX204', '2GM', 6, 0, 'MDP-1202'),
-- SUNDAY 3AM
('SI_ADJ', 'C503', '3AM', 1, 0, 'CHEM-2301'),
('SI_ADJ', 'C503', '3AM', 2, 0, 'CHEM-2301'),
('SI_ADJ', 'C503', '3AM', 3, 0, 'CHEM-2301'),
('SS_ADJ', 'CX301', '3AM', 4, 0, 'CSE-2324'),
('SS_ADJ', 'CX301', '3AM', 5, 0, 'CSE-2324'),
('SS_ADJ', 'CX301', '3AM', 6, 0, 'CSE-2324'),
-- SUNDAY 3BM
('SAI', 'CX501', '3BM', 1, 0, 'CSE-2323'),
('SAI', 'CX501', '3BM', 2, 0, 'CSE-2323'),
('JAA', 'CX501', '3BM', 3, 0, 'CSE-2321'),
('SI_ADJ', 'CXB101', '3BM', 4, 0, 'CHEM-2301'),
('SI_ADJ', 'CXB101', '3BM', 5, 0, 'CHEM-2301'),
('SI_ADJ', 'CXB101', '3BM', 6, 0, 'CHEM-2301'),
-- SUNDAY 3CM
('SS_ADJ', 'CXB101', '3CM', 1, 0, 'CSE-2323'),
('MJI_CGED', 'CXB101', '3CM', 2, 0, 'URED-2302'),
('MSI_MDP', 'CXB101', '3CM', 3, 0, 'MDP-2303'),
('DMMA', 'CX102', '3CM', 5, 0, 'STAT-2311'),
('DMMA', 'CX102', '3CM', 6, 0, 'STAT-2311'),
-- SUNDAY 3DM
('MRM_ADJ', 'C505', '3DM', 1, 0, 'CSE-2323'),
('MRM_ADJ', 'C505', '3DM', 2, 0, 'CSE-2323'),
('MMU', 'C505', '3DM', 3, 0, 'CSE-2321'),
('MMF_ADJ', 'CX402', '3DM', 4, 0, 'CSE-2340'),
('MMF_ADJ', 'CX402', '3DM', 5, 0, 'CSE-2340'),
('MMR_ADJ', 'CX202', '3DM', 6, 0, 'MATH-2307'),
-- SUNDAY 3EM
('MJI_CGED', 'CX104', '3EM', 1, 0, 'URED-2302'),
('WBA_ADJ', 'CX602', '3EM', 2, 0, 'CSE-2340'),
('WBA_ADJ', 'CX602', '3EM', 3, 0, 'CSE-2340'),
('MNU_NSTU', 'CX501', '3EM', 4, 0, 'MATH-2307'),
('MNU_NSTU', 'CX501', '3EM', 5, 0, 'MATH-2307'),
('MNU_NSTU', 'CX501', '3EM', 6, 0, 'MATH-2307'),
-- SUNDAY 3FM
('MJI_CGED', 'CX103', '3FM', 3, 0, 'URED-2302'),
('MSI_MDP', 'CX503', '3FM', 5, 0, 'MDP-2303'),
-- SUNDAY 3GM
('MSI_MDP', 'C504', '3GM', 1, 0, 'MDP-2303'),
('DMMA', 'C504', '3GM', 2, 0, 'STAT-2311'),
('DMMA', 'C504', '3GM', 3, 0, 'STAT-2311'),
('MJI_CGED', 'CX102', '3GM', 4, 0, 'URED-2302'),
('ASC_ADJ', 'CX602', '3GM', 5, 0, 'CSE-2322'),
('ASC_ADJ', 'CX602', '3GM', 6, 0, 'CSE-2322'),
-- SUNDAY 4AM
('JAA', 'CX201', '4AM', 1, 0, 'CSE-2430'),
('JAA', 'CX201', '4AM', 2, 0, 'CSE-2430'),
('RZ', 'CX201', '4AM', 3, 0, 'CSE-2423'),
('AS', 'CX302', '4AM', 4, 0, 'CSE-2421'),
('AS', 'CX302', '4AM', 5, 0, 'CSE-2421'),
('AS', 'CX302', '4AM', 6, 0, 'CSE-2421'),
-- SUNDAY 4BM
('MUA_IND', 'CX204', '4BM', 1, 0, 'CSE-2430'),
('MUA_IND', 'CX204', '4BM', 2, 0, 'CSE-2430'),
('AI_ADJ', 'C102', '4BM', 3, 0, 'CSE-2421'),
('DMRK', 'CX103', '4BM', 5, 0, 'MATH-2407'),
('DMRK', 'CX103', '4BM', 6, 0, 'MATH-2407'),
-- SUNDAY 4CM
('MMA_ADJ', 'C101', '4CM', 1, 0, 'CSE-2430'),
('MMA_ADJ', 'C101', '4CM', 2, 0, 'CSE-2430'),
('MUR', 'C101', '4CM', 3, 0, 'CSE-2423'),
('AI_ADJ', 'CX504', '4CM', 4, 0, 'CSE-2427'),
('AI_ADJ', 'CX504', '4CM', 5, 0, 'CSE-2427'),
('NT_BNG1_CGED', 'CX504', '4CM', 6, 0, 'GEBL-2401'),
-- SUNDAY 4DM
('ASC_ADJ', 'C201', '4DM', 1, 0, 'CSE-2430'),
('ASC_ADJ', 'C201', '4DM', 2, 0, 'CSE-2430'),
('NT_BNG', 'C502', '4DM', 4, 0, 'GEBL-2401'),
('YA', 'C502', '4DM', 5, 0, 'ACC-2401'),
('YA', 'C502', '4DM', 6, 0, 'ACC-2401'),
-- SUNDAY 4EM
('MKIS', 'C402', '4EM', 1, 0, 'CSE-2430'),
('MKIS', 'C402', '4EM', 2, 0, 'CSE-2430'),
('AS', 'C402', '4EM', 3, 0, 'CSE-2421'),
('AK_NSTU', 'C402', '4EM', 4, 0, 'MATH-2407'),
('AK_NSTU', 'C402', '4EM', 5, 0, 'MATH-2407'),
('AK_NSTU', 'C402', '4EM', 6, 0, 'MATH-2407'),
-- SUNDAY 4FM
('TR', 'C501', '4FM', 1, 0, 'CSE-2430'),
('TR', 'C501', '4FM', 2, 0, 'CSE-2430'),
('TR', 'CXB104', '4FM', 4, 0, 'CSE-2421'),
('TR', 'CXB104', '4FM', 5, 0, 'CSE-2421'),
('SAA', 'CXB104', '4FM', 6, 0, 'CSE-2427'),
-- SUNDAY 5AM
('AI', 'CX603', '5AM', 1, 0, 'CSE-3523'),
('AI', 'CX603', '5AM', 2, 0, 'CSE-3523'),
('DMMI', 'CX603', '5AM', 3, 0, 'CSE-3529'),
('DAU', 'C503', '5AM', 4, 0, 'CSE-3521'),
('DAZ_CGED', 'C503', '5AM', 5, 0, 'URED-3503'),
('DAZ_CGED', 'C503', '5AM', 6, 0, 'URED-3503'),
-- SUNDAY 5BM
('DMMI', 'CX503', '5BM', 1, 0, 'CSE-3529'),
('DMMI', 'CX503', '5BM', 2, 0, 'CSE-3529'),
('AI', 'CX503', '5BM', 3, 0, 'CSE-3523'),
('DAZ_CGED', 'C105', '5BM', 4, 0, 'URED-3503'),
('WBA_ADJ', 'CXB210', '5BM', 5, 0, 'URED-3523'),
('WBA_ADJ', 'CXB210', '5BM', 6, 0, 'URED-3523'),
-- SUNDAY 5CM
('MSH', 'CX601', '5CM', 1, 0, 'CSE-3527'),
('MSH', 'CX601', '5CM', 2, 0, 'CSE-3528'),
('MSH', 'CX601', '5CM', 3, 0, 'CSE-3528'),
('MIU_ADJ', 'C504', '5CM', 4, 0, 'CSE-3521'),
('MIU_ADJ', 'C504', '5CM', 5, 0, 'CSE-3521'),
('JAA', 'C101', '5CM', 6, 0, 'MDP-3505'),
-- SUNDAY 5DM
('ABAK_IND', 'CX401', '5DM', 1, 0, 'CSE-3532'),
('ABAK_IND', 'CX401', '5DM', 2, 0, 'CSE-3532'),
('MAR_CGED', 'CX401', '5DM', 3, 0, 'URED-3503'),
('ABAK_IND', 'CX401', '5DM', 4, 0, 'CSE-3532'),
('ABAK_IND', 'CX401', '5DM', 5, 0, 'CSE-3532'),
('MIU_ADJ', 'C504', '5DM', 6, 0, 'CSE-3521'),
-- SUNDAY 5EM
('MIU_ADJ', 'CXB202', '5EM', 1, 0, 'CSE-3521'),
('MIU_ADJ', 'CXB202', '5EM', 2, 0, 'CSE-3521'),
('MIU_ADJ', 'CXB202', '5EM', 3, 0, 'CSE-3521'),
('HBF_ADJ', 'C102', '5EM', 4, 0, 'CSE-3527'),
('HBF_ADJ', 'C102', '5EM', 5, 0, 'CSE-3527'),
('MAR_CGED', 'C102', '5EM', 6, 0, 'URED-3503'),
-- SUNDAY 6AM
('ZA', 'CX502', '6AM', 2, 0, 'CSE-3631'),
('ZA', 'CX502', '6AM', 3, 0, 'CSE-3631'),
('AMA_ADJ', 'CX505', '6AM', 4, 0, 'CSE-3637'),
('AMA_ADJ', 'CX505', '6AM', 5, 0, 'CSE-3637'),
('AA_ADJ', 'CX505', '6AM', 6, 0, 'CSE-3525'),
-- SUNDAY 6BM
('AMA_ADJ', 'CX505', '6BM', 1, 0, 'CSE-3637'),
('AMA_ADJ', 'CX505', '6BM', 2, 0, 'CSE-3637'),
('ZA', 'CX601', '6BM', 4, 0, 'CSE-3632'),
('ZA', 'CX601', '6BM', 5, 0, 'CSE-3632'),
('ZA', 'CX601', '6BM', 6, 0, 'CSE-3631'),
-- SUNDAY 6CM
('MAR_IND', 'CXB210', '6CM', 1, 0, 'CSE-3638'),
('MAR_IND', 'CXB210', '6CM', 1, 0, 'CSE-3640'),
('MAR_IND', 'CXB210', '6CM', 2, 0, 'CSE-3638'),
('MAR_IND', 'CXB210', '6CM', 2, 0, 'CSE-3640'),
('MAR_IND', 'CXB210', '6CM', 3, 0, 'CSE-3638'),
('MAR_IND', 'CXB210', '6CM', 3, 0, 'CSE-3640'),
('MAR_IND', 'CX502', '6CM', 4, 0, 'CSE-3637'),
('MAR_IND', 'CX502', '6CM', 5, 0, 'CSE-3637'),
('MAR_IND', 'CX502', '6CM', 6, 0, 'CSE-3637'),
-- SUNDAY 6DM
('AA_ADJ', 'CXB104', '6DM', 1, 0, 'CSE-3625'),
('AA_ADJ', 'CXB104', '6DM', 2, 0, 'CSE-3625'),
('AA_ADJ', 'CXB104', '6DM', 3, 0, 'CSE-3625'),
('MA', 'CX101', '6DM', 4, 0, 'CSE-3631'),
('MA', 'CX101', '6DM', 5, 0, 'CSE-3631'),
('MMU', 'CX101', '6DM', 6, 0, 'CSE-3606'),
-- SUNDAY 7AM
('MMU', 'C102', '7AM', 1, 0, 'CSE-4877'),
('MMU', 'C102', '7AM', 2, 0, 'CSE-4877'),
('RZ', 'CX604', '7AM', 4, 0, 'CSE-4741'),
('RZ', 'CX604', '7AM', 5, 0, 'CSE-4742'),
('RZ', 'CX604', '7AM', 6, 0, 'CSE-4742'),
-- SUNDAY 7BM
('MSA', 'C301', '7BM', 2, 0, 'CSE-4746'),
('MSA', 'C301', '7BM', 3, 0, 'CSE-4746'),
('MMU', 'CX404', '7BM', 4, 0, 'CSE-4877'),
('MMU', 'CX404', '7BM', 5, 0, 'CSE-4877'),
-- SUNDAY 7CM
('SZK', 'C401', '7CM', 1, 0, 'CSE-3634'),
('SZK', 'C401', '7CM', 2, 0, 'CSE-3634'),
('SZK', 'C401', '7CM', 3, 0, 'CSE-3634'),
('SZK', 'C505', '7CM', 5, 0, 'CSE-3633'),
('SZK', 'C505', '7CM', 6, 0, 'CSE-3633'),
-- SUNDAY 8AM
('MMF_ADJ', 'CX604', '8AM', 1, 0, 'CSE-4845'),
('MMF_ADJ', 'CX604', '8AM', 2, 0, 'CSE-4846'),
('MMF_ADJ', 'CX604', '8AM', 3, 0, 'CSE-4846'),
('MK', 'C103', '8AM', 4, 0, 'CSE-4875'),
('MK', 'C103', '8AM', 5, 0, 'CSE-4875'),
-- SUNDAY 8BM
('DMMI', 'CX104', '8BM', 4, 0, 'CSE-4805'),
('DMMI', 'CX104', '8BM', 5, 0, 'CSE-4805')



---6BM Routine

-- INSERT INTO faculty(code)
-- VALUES ('MAT_CGED')

-- INSERT INTO course(code)
-- VALUES ('MDP-3606')

INSERT INTO "class" (faculty, room, sec, slot, "day", code)
VALUES
-- MONDAY 6BM
('AMA_ADJ', 'CX501', '6BM', 1, 1, 'CSE-3638'),
('AMA_ADJ', 'CX501', '6BM', 1, 1, 'CSE-3640'),
('AMA_ADJ', 'CX501', '6BM', 2, 1, 'CSE-3638'),
('AMA_ADJ', 'CX501', '6BM', 2, 1, 'CSE-3640'),
('AMA_ADJ', 'CX501', '6BM', 3, 1, 'CSE-3638'),
('AMA_ADJ', 'CX501', '6BM', 3, 1, 'CSE-3640'),
('MAT_CGED', 'CX504', '6BM', 4, 1, 'URED-3604'),
('MAT_CGED', 'CX504', '6BM', 5, 1, 'URED-3604'),

-- TUESDAY 6BM
('DSA', 'CXB204', '6BM', 1, 2, 'ECON-3501'),
('DSA', 'CXB204', '6BM', 2, 2, 'ECON-3501'),
('SZK', 'CX102', '6BM', 4, 2, 'CSE-3525'),
('SZK', 'CX102', '6BM', 5, 2, 'CSE-3525'),
('MRI', 'CX102', '6BM', 6, 2, 'MDP-3606'),

-- WEDNESDAY 6BM
('SZK', 'CX505', '6BM', 1, 3, 'CSE-3525'),
('MMH_CGED', 'CX505', '6BM', 2, 3, 'GEHE-3601'),
('MMH_CGED', 'CX505', '6BM', 3, 3, 'GEHE-3601'),
('ZA', 'CX101', '6BM', 4, 3, 'CSE-3631'),
('ZA', 'CX101', '6BM', 5, 3, 'CSE-3631')

---6BM end
